[{"name":"SET_ENTITY_COORDS","args":[{"type":"Entity","translate":true},{"type":"float"},{"type":"float"},{"type":"float"},{"type":"BOOL"},{"type":"BOOL"},{"type":"BOOL"},{"type":"BOOL"}],"ctx":{"idx":0,"type":"Entity"},"hash":"0x06843DA7060A026B","type":"ctx"},{"name":"SET_VEHICLE_COLOURS","args":[{"type":"Entity","translate":true},{"type":"int"},{"type":"int"}],"ctx":{"idx":0,"type":"Entity"},"hash":"0x4F1D4BE3A7F24601","type":"ctx"},{"name":"SET_PLAYER_WANTED_LEVEL","args":[{"type":"Player","translate":true},{"type":"int"},{"type":"BOOL"}],"ctx":{"idx":0,"type":"Player"},"hash":"0x39FF19C64EF7DA5B","type":"ctx"},{"name":"SET_PED_INTO_VEHICLE","args":[{"type":"Entity","translate":true},{"type":"Entity","translate":true},{"type":"int"}],"ctx":{"idx":0,"type":"Entity"},"hash":"0xF75B0D629E1C063D","type":"ctx"},{"name":"CREATE_VEHICLE","type":"entity","hash":"0xAF35D0D2583051B0","args":[{"type":"Hash"},{"type":"float"},{"type":"float"},{"type":"float"},{"type":"float"},{"type":"BOOL"},{"type":"BOOL"}]}]
